id,title,content,question,answer
1,capillarité,"Cet article  ne cite pas suffisamment ses sources   ( mai 2013 ).  Si vous disposez d'ouvrages ou d'articles de référence ou si vous connaissez des sites web de qualité traitant du thème abordé ici, merci de compléter l'article en donnant les  références utiles à sa  vérifiabilité  et en les liant à la section « Notes et références ». En pratique:   Quelles sources sont attendues?   Comment ajouter mes sources?  La  capillarité  est le phénomène d'interaction qui se produit aux interfaces entre deux liquides non  miscibles , entre un liquide et l' air  ou entre un  liquide  et une surface. Elle est due aux forces de  tension superficielle  entre les différentes phases en présence. ",Quelle force de tension se produit sur la capillarité ?,forces de  tension superficielle
2,félidés,"Félidés •  Félins «Félin» redirige ici. Pour les autres significations, voir  Félin (homonymie) . Pour l’article homonyme, voir  Felidae (film) . Famille Sous-familles  de rang inférieur Les  Félidés  ( Felidae ) ou   Félins  sont une  famille  de  mammifères   placentaires  de l'ordre des  carnivores  et du sous-ordre des  féliformes . Si on exclut le  taxon  fossile des  Proailurinae , qui ne possède qu'un seul et unique  genre  connu, on y  distingue trois  sous-familles : les «petits félins» ( Felinae ), les «grands félins» ( Pantherinae ) et les félins dit «à dents de sabre» ( Machairodontinae ),  aujourd'hui éteints .Parmi leurs traits caractéristiques figurent leur  tête  ronde au crâne raccourci, leur  mâchoire  dotée d’environ trente  dents , et leurs  griffes  rétractiles, exception faite du  chat viverrin  et du  chat à tête plate  (semi-rétractiles) et du  guépard  (non rétractiles). Les félins sont  digitigrades , c’est-à-dire qu’ils marchent en appuyant sur leurs doigts (la plante du pied ne se pose pas sur le sol). Proailurus , qui vivait en  Eurasie  il y a environ 25millions d’années dans la période de l’ Oligocène , est à l'heure actuelle considéré comme le plus vieux fossile de félidé. On considère  Pseudaelurus  comme le dernier ancêtre commun des félins modernes.",Quel est le denier encêtre commun des félins modernes ?,Pseudaelurus
3,sourire,"Pour les articles homonymes, voir  Sourire (homonymie) . Le  sourire  est une expression du visage témoignant en général de la sympathie. Le mot sourire est apparu au Moyen Âge, issu du verbe latin  sub-ridere  qui signifie prendre une expression rieuse ou ironique, destiné à tromper, mais le sens se rapproche plus du mot latin  risus  qui appartient au vocabulaire du rire. Le sourire est une expression du  visage  qui se forme par la tension de muscles, plus particulièrement aux deux coins de la bouche, mais aussi autour des yeux [ 1 ] . Il exprime généralement le plaisir ou l'amusement, mais aussi l' ironie , et joue ainsi un rôle social important. Le  cerveau humain  serait capable d'isoler un sourire du reste du visage, ce qui se vérifie en observant une photo retournée verticalement où le sourire est, lui, resté dans le bon sens [ 1 ] . Le sourire est une attitude assimilée par renforcement comme positive, et cela dès la naissance, mais il est considéré comme inné et  génétiquement  déterminé, puisqu’il apparaît chez des  enfants   sourds  et  aveugles  de naissance.",Que témoigne le sourire ?,la sympathie
4,races,"«Racial» redirige ici. Pour l’article homophone, voir  Rassial . Cet article concerne le concept de race en zoologie. Pour les articles homonymes, voir  race (homonymie) . Pour l'application du concept à l'espèce humaine, voir  race humaine . Chez les  animaux domestiques , la  race  est un  rang taxinomique  informel, inférieur à l' espèce . Les races et les  sous-races  sont distinguées à des fins d' élevage  et de  sélection . On parle ainsi de races  bovines ,  canines ,  félines , ou  caprines . Les  taxons  au rang de race n'ont pas de  noms scientifiques  internationaux [ 1 ] , leur circonscription  taxinomique  repose généralement sur des critères subjectifs et pratiques (notamment utilisés pour la désignation commerciale) [ 2 ] . Ces variations sont généralement très faibles pour les races sélectionnées afin de veiller à un certain standard, dont on exige par exemple des prestations particulières pour satisfaire de façon optimale à un but d'utilisation. Par contre, la variabilité peut être très importante entre races géographiques. Il s'agit d'un concept lié à l'aspect commercial davantage que scientifique. Cet article concerne plus particulièrement l'acception du mot «race» pour désigner des groupes d'une même espèce animale. En  nomenclature botanique et mycologique  où le terme de «race» n'est pas un rang taxinomique  codifié , on parle de  variété  ou de  sous-espèce [ 3 ] . Il reste cependant possible d'utiliser le mot de «variété animale» [ 4 ]  domestique pour désigner une population animale sélectionnée constituée d'une fraction des animaux d'une espèce que des traitements particuliers de sélection ont eu pour effet de distinguer des autres animaux de l'espèce par un petit nombre de caractères dont l'énumération définit le modèle. En  microbiologie  et en  virologie , on parle plutôt de  souche  afin de désigner au sein d'une même espèce microbienne, une population divergeant du reste de l'espèce sur un ou quelques traits différentiels (ex.: une souche de  Escherichia coli  pathogène pour l'homme, alors que la majorité des populations de cette espèce ne le sont pas). Pour les espèces naturelles, les termes sous-espèce ou  population  (selon la divergence et le groupe considéré) sont utilisés [réf.nécessaire] . L'utilisation de critères biologiques prétendant définir différentes «races» humaines au sein de l' espèce humaine  soulève des questions  éthiques  et même logique (on ne vend pas aujourd'hui les hommes dans les pays développés et une désignation commerciale y est donc sans objet). Les controverses sur ce sujet ne sont pas développées ici mais dans l'article  Race humaine .",Que désigne le mot «race» ? ,des groupes d'une même espèce animale
5,toilette,"Pour les toiletteurs, voir  Toiletteur . Le  toilettage  chez les animaux est une activité instinctive et pour partie parfois apprise et transmises aux générations suivantes (utilisation d'eau chaude, de terre, de feuilles ou de poussière par exemple). Certaines espèces, aussi différentes que la  poule  ou l' éléphant  s'aspergent d'eau ou de poussière pour se nettoyer ou débarrasser de leurs  parasites . Un toilettage particulier peut suivre l'alimentation (nettoyage du sang, de la terre, de la  sève  ou de jus issus des aliments) ou des combats. Pour l'épouillage humain, voir  Pédiculose du cuir chevelu  et  Pédiculose corporelle . C’est en 1850 qu’est apparue la tondeuse pour chien; elle servait alors à une cause utilitaire. Par exemple, les chiens de rapport à l’eau se voyaient tondre une bonne partie du corps (dos, pattes arrière…) pour les alléger et faciliter leur nage. La fourrure était cependant laissée sur l’avant du corps pour que le chien ne prenne pas froid. C’est d’ailleurs de là que vient la coupe «lion» du caniche. Aujourd’hui, cette coupe a évolué pour allier utilité et esthétique, et l’on peut croiser de temps en temps un caniche en coupe lion continentale sous ses différentes variantes. Quelques années plus tard, en 1933, le premier Salon de Toilettage ouvre ses portes à Paris. Très vite, d’autres salons ouvrent partout ailleurs. Et doucement, la demande «utilitaire» évolue en demande de «mise en valeur». Les propriétaires veulent également que leur chien soit élégant. C’est ainsi que dans les années 1970, l’on commence à entendre parler de toilettage commercial, c’est-à-dire un toilettage qui allie praticité et beauté, sans pour autant être un toilettage d’exposition, tout à fait conforme au standard.",Quand est apparue la tondeuse pour chien ?,en 1850
6,clavicule,"Certaines informations figurant dans cet article ou cette section devraient être mieux reliées aux sources mentionnées dans les sections «Bibliographie», «Sources» ou «Liens externes»   ( août 2015 ).  Vous pouvez améliorer la  vérifiabilité  en  associant ces informations à des références  à l'aide d' appels de notes . modifier  -  modifier le code  -  modifier Wikidata La  clavicule  (du latin  clavicula , «petite clef») chez l'être humain est un  os long  pair faisant partie de la  ceinture scapulaire . C'est le seul os long en position horizontale.",Où se situe la clavicule ?,la  ceinture scapulaire
7,poisson,"Pour les articles homonymes, voir  Poisson (homonymie) . Taxons concernés Les  espèces  de la  classe   et de la  super-classe  Articles connexes L'étude des poissons modifier   Les  poissons  sont des  animaux   vertébrés   aquatiques  à  branchies , pourvus de  nageoires  et dont le corps est généralement couvert d' écailles . On les trouve abondamment aussi bien en  eau douce , en  eau saumâtre  et en  eau de mer , depuis les sources de montagne ( omble de fontaine ,  goujon ) jusqu'au plus profond des  océans  ( grandgousier ,  poisson-ogre ). Leur répartition est toutefois très inégale: 50% des poissons vivraient dans 17% de la surface des océans [ 1 ] . Les poissons ont une très grande importance pour les humains: Dans la  classification phylogénétique [ 2 ] , obtenue par application des méthodes  cladistiques , les poissons forment un groupe  paraphylétique  de  vertébrés , donc non reconnu, car il exclut les  tétrapodes  (vertébrés terrestres). La super-classe des Poissons (les Pisces) de la  classification classique  n'est reconnue que par certains  systématiciens évolutionnistes [ 3 ] . Les espèces actuelles (non éteintes) de poissons sont réparties dans quatre taxons: les  Pétromyzontides  (lamproies), les  Chondrichtyens  (raies, requins et chimères), les  Actinoptérygiens  (poissons les plus communs), les  Sarcoptérygiens  ( Dipneustes  et  Actinistiens ). On y associe parfois les  Myxinoïdes . Le premier  inventaire ichtyologique  de  France  semble être celui de  Pierre Belon , en 1555,  La nature et la diversité des poissons avec leurs pourtraicts représentés au plus près du naturel [ 4 ] .",Quel est la répartition des poissons dans l'océan ?,50% des poissons vivraient dans 17% de la surface des océans 
8,papilles,"En  biologie  et en  anatomie , une  papille  est une petite excroissance charnue, la plupart du temps formée par un  tissu épithélial . Le terme de  papille  rapproche donc des structures dont la forme générale est le seul point commun.",De quoi est composé une pupille ?,un tissu épithélial
9,animaux_de_compagnie,"Un  animal de compagnie  est un  animal  recevant la protection de l' espèce humaine  en échange de sa présence, de sa beauté, de sa jovialité ou encore pour ses talents (oiseaux chanteurs, parleurs…). En raison de leur très longue présence aux côtés de l'espèce humaine, ces animaux familiers ont souvent fait l'objet d'une  domestication  à la suite de leur  apprivoisement . Ils se distinguent toutefois des autres cas d' animaux domestiques  vivant simplement dans le voisinage de la maison, comme les animaux de travail, et par opposition aux animaux de production utilisés pour leur viande, leur lait ou leurs œufs, telles les  vaches  ou les  poules . Dans les pays occidentaux, les principaux animaux de compagnie sont le  chat  et le  chien  qui, avec le  furet , sont des animaux classés comme « carnivores domestiques » et donc soumis à une  législation  particulière. Depuis les  années 1980 [ 1 ] , on désigne sous le terme « nouveaux animaux de compagnie » (NAC) des espèces qui sont entrées après les  années 1970  dans le cercle des animaux de compagnie. Certains de ces animaux, comme le  furet , le  lapin , divers  rongeurs  ou animaux de ferme, étaient domestiqués depuis longtemps, mais destinés à un autre usage. D'autres espèces parfois incluses dans les NAC sont en réalité des animaux de compagnie déjà très anciens comme la  perruche à collier  et la  perruche alexandre . De plus cette catégorie, très imprécise, inclus souvent des espèces qui ne sont que des animaux d'agrément ou d'observation et qui ne sont pas véritablement utilisées comme animaux de compagnie, notamment parmi les  reptiles ,  poissons d'aquarium ,  oiseaux  de cage ou de basse-cour, etc. Une partie de ces espèces, très diverses, ne sont d'ailleurs pas domestiquées puisqu'encore souvent prélevées directement dans la nature. La réglementation diffère d'un pays à l'autre, notamment pour les conditions d'acquisition, de détention, d'importation et d'exportation.",Qu'est ce qui est attendu d'un animal de compagnie ?,"sa présence, de sa beauté, de sa jovialité ou encore pour ses talents"
10,miaulement," Le  miaulement  est une vocalisation émise par les  félins  et notamment les  félinés . La transcription en  onomatopée  est  miaou  en français, et est similaire dans de nombreuses langues européennes et le  mandarin .",Quel est l'onomatopée du miaulement en français ?,miaou
11,rural,"Pour les articles homonymes, voir  Campagne (homonymie) . La  campagne , aussi appelée  milieu rural , est l'ensemble des espaces  cultivés  habités et maîtrisés par l' homme , et s'oppose d'une part aux  espaces naturels , non  anthropisé , et d'autre part au milieu urbain et  périurbain  propre aux  villes  et aux grandes  agglomérations . La campagne est caractérisée par une faible densité par rapport aux pôles urbains environnant, par un paysage à dominante végétale ( champs ,  prairies ,  forêts  exploitée en  sylviculture ,  bocage ), par une activité agricole dominante, au moins par les surfaces qu'elle occupe et par une économie structurée plus fortement autour du  secteur primaire . Les habitants sont dits «ruraux» ou «campagnards» [ 3 ] . À l'échelle mondiale,  3,3 milliards  d'individus seraient des ruraux, soit un peu moins de la moitié de la  population mondiale . Si la campagne est caractérisée par une occupation des sols majoritairement agricole, sa population n'est elle pas forcément liée à l' agriculture . Dans les  pays développés , une partie non négligeable de la population campagnarde travaille dans les  secteurs tertiaires  et  secondaires . La campagne est alors parsemée de «districts» industriels, en plus, d'être parfois un espace fortement touristique. Cette fonction récréative et  aménitaire  s'est amplifiée par l'augmentation de la  mobilité spatiale  de la population, update peut se permettre d'habiter à la campagne et de travailler en ville: phénomène dit de  rurbanisation . Les définitions du terme «rural» varient énormément selon les époques, et selon les pays. Statistiquement, un espace est considéré comme rural quand la plus petite division administrative n'a pas atteint un seuil de population totale ou de  densité de population . En France, pour l' Insee , une  commune  est dite rurale quand elle n'atteint pas le seuil de 2000habitants. Ces communes rurales regroupent 25,3% de la population française. D'autres critères peuvent être pris en compte statistiquement pour définir l'espace rural, comme la part de l'emploi alloué aux  activités primaires  ou le manque d'accès à certains équipements. Plus de 39% de la population française ( 22,8 millions  de personnes) habitent dans une zone rurale ou péri-urbaine [ 4 ] . Après un lent déclin au  XX e siècle, l'espace rural connaît à nouveau un dynamisme démographique [ 4 ] .",Quel terme est associé au mot rural ?,campagne
12,déjections,"Cet article est une  ébauche  concernant la  biologie .  Vous pouvez partager vos connaissances en l’améliorant ( comment? ) selon les recommandations des  projets correspondants . Les  excréments  sont toutes les matières naturellement évacuées par l'être humain ou un autre organisme  animal , sous forme solide ou liquide ( matières fécales ,  urine ,  sueur , etc. ) [ 1 ] , correspondant à leurs  déchets métaboliques .",Quel forme peuvent avoir les déjections ?,forme solide ou liquide
13,vénéré_par_les_Égyptiens,"Le  chat  était l'un des nombreux animaux dont les attributs furent vénérés dans l' Égypte antique . Il était notamment associé au symbole de protection. Tout d'abord avatar du dieu  Rê  en tant que pourfendeur du serpent  Apophis , il connaîtra le sommet de son influence en tant qu'incarnation de la déesse  Bastet .",Quel animal était vénéré dans l'Egypte antique ?,Le chat
14,estomac,"Cet article  ne cite pas suffisamment ses sources   ( mars 2021 ).  Si vous disposez d'ouvrages ou d'articles de référence ou si vous connaissez des sites web de qualité traitant du thème abordé ici, merci de compléter l'article en donnant les  références utiles à sa  vérifiabilité  et en les liant à la section « Notes et références ». En pratique:   Quelles sources sont attendues?   Comment ajouter mes sources?  modifier  -  modifier le code  -  modifier Wikidata L' estomac  (en  grec ancien   στόμαχος /  stómakhos ) (aussi appelé  poche stomacale ) est la portion du  tube digestif  en forme de poche, située entre l’ œsophage  et le  duodénum . L'œsophage reçoit les  aliments  mâchés dans la bouche et déglutis dans l'estomac. Chez l’être humain, l’organe est en forme de J majuscule, à l’âge adulte il mesure 25×8×5 cm , contient  0,5 litre à vide, et peut contenir jusqu’à  4  l . L’estomac est en rapport anatomique avec le  foie  (à droite), la  rate  (à gauche), le  pancréas  (en arrière), le  diaphragme  (en haut) et les  intestins  (en bas). Il est situé au-dessus du  mésocôlon  (étage sus-mésocolique). La branche de la  médecine  qui s’occupe de l’estomac est la  gastro-entérologie . L’estomac permet d’assurer la digestion par ses fonctions mécaniques (brassage) et chimiques en mélangeant les aliments aux  sucs gastriques  ( eau ,  acide chlorhydrique ,  enzymes ). Pour une digestion idéale, le  pH  de l’estomac est compris entre 1,5 (pendant la nuit) et 5 (en début de digestion): les enzymes gastriques fonctionnent à pH acide (un pH < 7 est dit acide). Le produit de la transformation par l’estomac est une pâte, appelée  chyme  qui se déverse dans le duodénum par le pylore. C’est dans le duodénum que le chyme acide va être neutralisé par les  bases  issues de la  bile  et du  suc pancréatique . Cette neutralisation produit des sels minéraux assimilables, dont certains passent dans l’organisme directement à travers la paroi du duodénum grâce à des hormones produites par les glandes surrénales, les  minéralocorticoïdes . La durée de malaxageet debroyage dans l’estomac est variable (entre deux et quatre heures environ). [ réf. souhaitée] . Si non mélangés, certains liquides peuvent être digérés en trente à quarante-cinq minutes.",Où se situe l'estomac ?,entre l’ œsophage et le duodénum
15,ouïe,"Pour les articles homonymes, voir  Ouïe . Cet article  ne cite pas suffisamment ses sources   ( février 2014 ).  Si vous disposez d'ouvrages ou d'articles de référence ou si vous connaissez des sites web de qualité traitant du thème abordé ici, merci de compléter l'article en donnant les  références utiles à sa  vérifiabilité  et en les liant à la section « Notes et références ». En pratique:   Quelles sources sont attendues?   Comment ajouter mes sources?  L’ ouïe [ a ]  est la capacité de percevoir des  sons . Elle est l’un des cinq  sens  généralement admis.",Que permet de percevoir l'ouïe ?,des sons
16,onyxectomie,"L' onyxectomie  (du  grec   onyx , l'ongle), ou  dégriffage , est une  opération chirurgicale  qui consiste en l'ablation des  griffes . Elle se pratique notamment chez les  chats  de compagnie. Elle est illégale dans de nombreux pays et des associations de  défense des animaux  comme  PETA  condamnent cette opération, considérée comme  cruelle [ 1 ] .",En quoi consiste le dégriffage ?,l'ablation des griffes
17,toucher,"«Tact» redirige ici.  Pour le ruisseau, voir  Tact (ruisseau) . Pour les articles homonymes, voir  Toucher (aéronautique) . Le  toucher , aussi appelé  tact  ou  taction , est l'un des  sens  extéroceptifs de l'animal (dont l'humain), essentiel pour la survie et le développement des êtres vivants, l'exploration, la reconnaissance, la découverte de l'environnement, la locomotion ou la marche, la préhension des objets et la nutrition, le toucher d'un instrument de musique, la recherche de l'exposition solaire ou la quête d'un espace agréable, les contacts sociaux, la sexualité... Il existe avec des variantes dans tout le règne animal et, beaucoup moins observables du fait de l'immobilité apparente, végétale. Notons que certains végétaux ont également des réactions tactiles avec des temps de réponses suffisamment courts pour être observables [ 1 ] . Le toucher se confond aussi avec le contact impliquant au moins un être vivant. On a récemment montré la complexité du toucher. Chez le  fœtus humain , c'est le premier des cinq sens à se développer même s'il ne s'agit pas d'un sens indépendant des autres. Le sens  haptique  permet notamment, chez l'homme, de mieux connecter la  vision  et l' audition , et peut même significativement faciliter l'apprentissage de la lecture chez l'adulte [ 2 ] . Fait trivial souvent oublié, se toucher ou se faire toucher de façon positive est crucial pour la survie de l'homme. Toucher les objets et les autres êtres vivants favorise l'apprentissage chez l'enfant, jusqu'à faciliter l'apprentissage de la lecture chez l'enfant qui s'initie à la lecture, comme chez l'adulte apprenant une langue étrangère. Enfin, il existe un nombre gigantesque de thérapies impliquant le sens du toucher.",Avec quoi se confond le toucher ? ,le contact
18,surdité,"Cet article  doit être  recyclé   ( mars 2021 ).  Une réorganisation et une clarification du contenu paraissent nécessaires.  Améliorez-le ,  discutez des points à améliorer  ou précisez les sections à recycler en utilisant  {{section à recycler}} . Pour les articles homonymes, voir  Sourd . Ne doit pas être confondu avec  Sourds (communauté) .    Mise en garde médicale modifier  -  modifier le code  -  voir Wikidata   (aide)   La  surdité  est un  état pathologique  de l' audition  caractérisé par une perte partielle ou totale de la  perception  des  sons . Lorsque la perte est totale, il s'agit d'une  cophose , parfois appelée  anacousie . Le terme  hypoacousie  est quasi-synonyme de surdité, étant parfois réservé aux cas où la perte de l'audition est partielle. La surdité peut être classée selon le degré de perte de l' ouïe  et selon la localisation de l'atteinte. Son traitement médical est possible, par des appareillages externes ou internes (implants), quoique la récupération de l'audition des phonèmes de la langue puisse continuer à être altérée. La surdité qui apparaît à l'âge adulte peut avoir des origines médicales ou traumatiques. Elle est un handicap contre lequel certains moyens sont mis en œuvre afin d'aider les personnes dites sourdes ou malentendantes. Lorsqu'elle survient à un âge précoce et avant l'apprentissage du langage, la surdité peut compromettre l'apprentissage du langage et par conséquent l'apprentissage de la lecture, et entraîner de multiples problèmes associés à l'illettrisme et aux bas niveaux d'éducation. La surdité précoce nécessite une prise en charge éducative précoce offrant à l'enfant sourd des moyens de communication qui vont lui permettre de bien développer ses relations sociales et d'optimiser son développement émotionnel, cognitif et intellectuel. L'apprentissage de la  langue des signes  et l'aide à l'apprentissage de la langue orale par diverses méthodes de rééducation et de complément à la lecture labiales sont des méthodes validées ayant chacune des avantages démontrés, malgré leurs limites. Donc, en conclusion, la surdité est un handicap auditif. C'est plus précisément une perte ou une grande diminution de l'ouïe. Il est important de distinguer les personnes sourdes de vieillesse des autres sourds car à partir de 65 ans, la surdité est considérée comme «normale». Le terme «sourd» regroupe de nombreuses personnes atteintes de déficiences auditives différentes [ 1 ] .",Quel type d'handicap est la surdité ?,un handicap auditif
19,sommeil_paradoxal,"Cet article est une  ébauche  concernant la  médecine .  Vous pouvez partager vos connaissances en l’améliorant ( comment? ) selon les recommandations des  projets correspondants . Le  sommeil paradoxal , connu également comme le sommeil REM ( Rapid Eye Movement ), fait suite au sommeil lent («sommeil à ondes lentes» désignant les stades 3 et 4), et constitue le cinquième et dernier stade d'un cycle du  sommeil . Une «nuit» comprend de trois à six cycles successifs d'une durée chacun de 90 à 120 minutes. Chez une personne normale, la durée du sommeil paradoxal occupe environ 25% de la durée d'une nuit, et s'accroît à chaque cycle jusqu'au réveil [ 1 ] . C'est la phase du sommeil au cours de laquelle les  rêves  dont on se souvient se produisent. Il se caractérise par des  mouvements oculaires rapides , d'où le nom anglais  Rapid Eye Movement , une  atonie  musculaire, une  respiration  et un  rythme cardiaque  irréguliers, une  température corporelle  déréglée. On observe une dilatation des organes  pelviens  et une  érection  qui, chez le mâle, peut être suivie d'éjaculations. L'activité électrique du cerveau est proche de celle de l'éveil, comme le montre le tracé  électro-encéphalographique . On l'observe non seulement chez l'être humain mais aussi chez la majorité des  mammifères   placentaires , chez les  oiseaux  et chez certains  reptiles  (lézards [ 2 ] ). Son déclenchement peut être observé par le placement d' électrodes  au niveau du  pont , du  corps géniculé  et du  cortex visuel  (parfois appelé cortex occipital).",Qu'est ce que le sommeil paradoxal ?,la phase du sommeil au cours de laquelle les  rêves  dont on se souvient se produisent
20,Espèce,"Cet article concerne le sens biologique du mot «espèce». Pour les autres significations, voir  Espèce (homonymie) . Dans les  sciences du vivant , l’ espèce  (du  latin   species , «type» ou «apparence») est le  taxon  de base de la  systématique . La définition le plus communément admise est celle du concept biologique [ 1 ] , [ 2 ] , [ 3 ] : une espèce est un ensemble d'individus qui peuvent effectivement ou potentiellement se reproduire entre eux et engendrer une descendance viable et féconde, dans des conditions naturelles. Une publication de 1997 recense cependant  22 concepts  d'espèces (espèce biologique, morphologique, écologique, comportementale…) dans la  littérature scientifique [ 4 ] . Ainsi, l'espèce est la plus grande unité de population au sein de laquelle le flux génétique est possible et les individus d'une même espèce sont donc génétiquement isolés d'autres ensembles équivalents du point de vue reproductif. En particulier, le critère d’interfécondité ne peut pas toujours être vérifié: c'est le cas pour les  fossiles , les  organismes   asexués  ou pour des espèces rares ou difficiles à observer. D’autres définitions peuvent donc être utilisées [ 5 ] :",Quelles sont les origines latines du mot espèce ?,"du latin species , «type» ou «apparence»"
21,Chat_(animal),"Pour les articles homonymes, voir  Chat (homonymie) . Taxons concernés modifier   Chat  est un terme ambigu employé en français pour désigner de nombreux  félins  de taille moyenne ou petite, appartenant à la  sous-famille  des  félinés . Employé seul, il s'agit du  nom vernaculaire  donné au  chat domestique  ( Felis silvestris catus ). Par  synecdoque , chat peut désigner l'ensemble des  félins : l'expression « chat sauvage » s'applique à plusieurs espèces ou sous-espèces de petits félins, tandis que la  sous-famille  des  Panthérinés  est parfois désignée par l'expression  «grands chats» .",De quelles taille est le cha t? ,de taille moyenne ou petite
22,Synonymes,"Pour les articles homonymes, voir  Synonymie . Dans la  nomenclature scientifique  du monde vivant, les  synonymes  sont des noms scientifiques différents pour désigner un même  taxon . Ils sont la conséquence des remaniements, parfois très nombreux, apportés par les scientifiques à la  classification scientifique des espèces  (genres fusionnés, sous-espèces promues au rang d'espèce, doublons, coquilles, etc. ). Les autorités, dates et éléments de typographie associés sont indispensables à prendre en compte pour éviter les confusions et leur interprétation varie selon les codes de nomenclature [ 1 ] . Le nom scientifique validé en dernier n'est pas forcément celui qui a été publié le plus récemment. Par exemple  Hyperolius viridiflavus  admet de nombreux synonymes, dont les derniers sont postérieurs à 1970, alors que le nom actuellement valide [ a ]  est « Hyperolius viridiflavus  (Duméril and Bibron, 1841)» [ 4 ] .",Qu'est ce qu'on synonyme dans la nomenclature scientifique ?,des noms scientifiques différents pour désigner un même taxon
23,bas_latin,"Cet article est une  ébauche  concernant la  Rome antique  et une  langue .  Vous pouvez partager vos connaissances en l’améliorant ( comment? ) selon les recommandations des  projets correspondants .  Le  bas latin , ou  latin tardif , est le  latin  de l’ Antiquité tardive , habituellement les versions du latin parlées du  III e  au  VI e siècle (voire jusqu'au  VII e siècle en Espagne).",De quelle époque vient le bas latin ? ,Antiquité tardive
24,organe_de_Jacobson,"L’ organe voméronasal  (ou  «OVN»  ou  organe de Jacobson ) est un  organe  tubulaire situé chez l'humain sous la surface intérieure du  nez . Chez les  mammifères , cet organe est spécialisé dans la détection des  phéromones , qui sont des  molécules  véhiculant des signaux  innés . Ces signaux permettent de réguler les comportements sociaux (comportements sexuel, parental, d'agression …). Suivant les espèces, il existe des différences anatomiques. Les phéromones arrivent à l'organe voméronasal soit par la bouche (par léchage ou  flehmen ), soit par le nez, soit par le canal nasopalatin (qui relie la bouche et le nez). Chez les  Catarrhiniens  ( Macaques ,  Babouins , et  Hominidés ), le système voméronasal est  vestigial . Chez l'être humain, l'organe voméronasal n'est quasiment plus fonctionnel, le  bulbe olfactif accessoire  est atrophié, et le canal nasopalatin est généralement obturé [ 1 ] .",Où se situe l'organe de Jacobson ?,sous la surface intérieure du nez
25,pedigree,"Pour les articles homonymes, voir  Pedigree (homonymie) . Cet article est une  ébauche  concernant la  généalogie .  Vous pouvez partager vos connaissances en l’améliorant ( comment? ) selon les recommandations des  projets correspondants . Cet article  ne cite pas suffisamment ses sources   ( février 2021 ).  Si vous disposez d'ouvrages ou d'articles de référence ou si vous connaissez des sites web de qualité traitant du thème abordé ici, merci de compléter l'article en donnant les  références utiles à sa  vérifiabilité  et en les liant à la section « Notes et références ». En pratique:   Quelles sources sont attendues?   Comment ajouter mes sources?  Le  pedigree  (parfois écrit  pédigrée ) est, chez les animaux, une liste d'ancêtres de la même  espèce  garantissant la pureté de la race. En France, pour les  chiens , on peut obtenir un extrait du  Livre des origines français  (LOF), équivalent d'un extrait d'état civil, qui certifie la  généalogie  d'un chien de race. Pour les chats, il s'agit du  Livre officiel des origines félines  (LOOF). Chez le lapin, le pedigree garantit la race aussi bien que sa pureté. Dans le langage courant, le terme «pedigree» est aussi utilisé pour tout ce qui a rapport à l'histoire d'une lignée distinguée. On s'en sert pour démontrer que l'animal vendu n'a aucun lien de parenté sur plusieurs générations si l'éleveur le désire.",Que garantie le pédigrée ?,la pureté de la race
26,vue,"Pour les articles homonymes, voir  Vue (homonymie) . La  vue  est le  sens  qui permet de réagir à l'environnement distant au moyen des  rayonnements lumineux . L' œil  est l'organe de la  vue , mais la vision, c'est-à-dire la  perception  visuelle, implique des zones spécialisées du  cerveau . Le  cortex visuel  synthétise les  influx nerveux  et les  traces mémorielles  des  expériences  visuelles passées pour identifier des formes, des  couleurs , des textures, des  reliefs . La plupart des espèces vivantes animées possèdent un sens de la vue, dont les caractéristiques, variées, dépendent de leur environnement.",Grâce à quoi est-il possible d'interagir avec l'environnement ?,rayonnements lumineux
27,Prédateur,"Pour les articles homonymes, voir  Prédateur (homonymie) . La  prédation  est l'action de prendre, de capturer.",Quelle action produit un prédateur ?,"l'action de prendre, de capturer"
28,phéromones,"Une  phéromone  (ou phérormone ou encore phérohormone) est une  substance chimique  émise par la plupart des  animaux  et certains  végétaux , et qui agit comme un message entre les individus d'une même  espèce  (communication intraspécifique, à l'opposé des  ectomones  impliquées dans la  communication interspécifique ). Ce composé  sémiochimique  transmet aux autres organismes des informations qui influencent la physiologie et les comportements (sexuel, maternel, agression,  agrégation , pistage…) [ 1 ] . Très actives, certaines phéromones agissent même en faible quantité, et elles peuvent être transportées et être détectées à plusieurs kilomètres. Chez les  mammifères  et les  reptiles , les phéromones sont principalement détectées par l' organe voméronasal , tandis que les  insectes  utilisent généralement leurs  antennes . À la différence des hormones  classiques  ( insuline ,  adrénaline , etc.) produites par les  glandes endocrines  et qui circulent uniquement à l'intérieur de l'organisme en participant à son  métabolisme , les phéromones sont généralement produites par des glandes exocrines, ou sécrétées avec l' urine , et servent de messagers chimiques entre individus. Elles peuvent être volatiles (perçues par l' odorat ), ou agir par contact ( composés cuticulaires  des insectes par exemple, perçues par les récepteurs gustatifs). Elles jouent un rôle primordial lors des périodes d'accouplement, et chez certains  insectes sociaux , telles les  fourmis  ou les  abeilles . Ces phéromones sont indispensables au bon fonctionnement du groupe. Les phéromones sexuelles des insectes contribuent à l'isolement reproducteur entre les espèces grâce à leur spécificité. L'existence des phéromones dans l'espèce humaine est un sujet controversé. De nombreux biais scientifiques et sociopsychologiques rendent complexe l'étude des effets psychologiques des odeurs, parfums ou phéromones sur les  émotions  et les comportements des humains [ 2 ] , [ 3 ] . En particulier, il est souvent très difficile de distinguer les nombreux effets olfactifs appris des véritables effets phéromonaux innés [ 4 ] . Chez l'humain, les structures olfactives sont  vestigiales  et les phéromones n'ont plus que des effets faibles [ 5 ] , [ 4 ] . Grâce aux techniques  biochimiques , il est possible de produire des phéromones de synthèse. Elles sont utilisées par l' industrie cosmétique , souvent dans des  parfums , avec des présentations commerciales qui suggèrent des effets sexuels et affectifs [ 6 ] , malgré l'absence de données expérimentales valides [ 5 ] , [ 4 ] . Des phéromones de synthèse, respectueuses de l'environnement, peuvent également être utilisées pour la protection des cultures comme produit de remplacement des insecticides. ",Par quoi sont produites les phéromones ?,des glandes exocrines
29,Antarctique,"Pour les articles homonymes, voir  Antarctique (homonymie) . Vous lisez un « article de qualité » labellisé en 2010.  L' Antarctique  (prononcé  / ɑ̃ . t a ʁ k . t i k / , ou aussi  / ɑ̃ . t a ʁ . t i k /   .mw-parser-output .prononciation>a{background:url(""//upload.wikimedia.org/wikipedia/commons/8/8a/Loudspeaker.svg"")center left no-repeat;background-size:11px 11px;padding-left:15px;font-size:smaller} Écouter ), parfois appelé «le Continent Austral» ou «le Continent Blanc» [ b ] , est le  continent  le plus  méridional  de la  Terre . Situé autour du  pôle Sud , il est entouré des mers  de Ross  et  de Weddell  et, suivant les classifications, des océans  Atlantique ,  Indien  et  Pacifique  ou du seul  océan Austral . Il forme le cœur de la  région antarctique  qui inclut également les parties émergées du  plateau des Kerguelen  ainsi que d'autres territoires insulaires de la  plaque antarctique  plus ou moins proches. L'ensemble de ces territoires, qui partagent des caractéristiques écologiques communes, constitue l' écozone antarctique . Avec une  superficie  de  14 millions  de kilomètres carrés, l'Antarctique est plus petit que l' Asie , l' Afrique  ou l' Amérique ; seules l' Europe  et l' Océanie  sont plus petites que lui. Quelque 98% de sa surface sont recouverts d'une  couche de glace  d'une épaisseur moyenne de 1,6 km . C'est pourquoi la morphologie du  sous-sol  antarctique reste encore peu connue voire inconnue, alors que petit à petit se dévoile la présence de  lacs subglaciaires  et de  chaînes de montagnes   subglaciaires  comme celle de  Gamburtsev . Cette épaisseur de glace fait de l’Antarctique le continent dont l' altitude  moyenne est la plus élevée. L'Antarctique est le  continent  dont le  climat  est le plus froid, le plus sec et le plus venteux. Puisqu'il n'y tombe que peu de  précipitations , excepté sur ses parties côtières où elles sont de l'ordre de 200 mm/an , l'intérieur du continent constitue le plus grand  désert  du monde. À part les bases scientifiques, il n'y a pas d'habitat humain permanent et l'Antarctique n'a pas de population autochtone connue. Seuls des plantes et des animaux adaptés au  froid , au manque de  lumière  et à l' aridité  y vivent, comme des  manchots , des  phoques , des  poissons , des  crustacés , des  mousses , des  lichens  et de nombreux types d' algues . Le nom «Antarctique» vient du grec  ἀνταρκτικός /  antarktikós , qui signifie «opposé à l' Arctique ». Bien que des mythes et des spéculations concernant une  Terra Australis  («Terre Australe») remontent à l' Antiquité , le continent n'est aperçu pour la première fois – de façon attestée – qu'en 1819 par le navigateur britannique  William Smith . Cette découverte suscita un vif intérêt de la part des chasseurs de phoques européens et américains qui affluèrent sur les côtes antarctiques dans les années qui suivirent et s'employèrent à décimer une population de plusieurs millions d'individus [ c ]  au point de parvenir pratiquement à son extinction en 1830. De 1895 à 1922, de  nombreuses expéditions sont menées  par les Européens, Américains, Australiens et Japonais afin de parvenir au pôle Sud. À la suite du  traité sur l'Antarctique  signé en  1959  par douze États et suivi en  1991  par le  protocole de Madrid , l'ensemble des territoires situés au sud du  60 e  parallèle sud  acquiert un statut particulier: les activités militaires y sont interdites ainsi que l'exploitation des ressources minérales sauf celles qui sont menées à des fins scientifiques. Les signataires accordent la priorité aux activités de recherche scientifique. Les expériences en cours sont effectuées par plus de 4000scientifiques de diverses nationalités et ayant des intérêts différents. Considéré comme une  réserve naturelle , le continent est protégé par la  Convention sur la conservation de la faune et la flore marines de l'Antarctique  (CCAMLR) et divers accords internationaux sur la protection de la  biodiversité  et sur la restriction du  tourisme . Modeste ressource jusque dans les années 1980, le tourisme attire de plus en plus de visiteurs: 10000 en 2000, 37000 en 2010, 74000 en 2019 soit 14 fois plus de touristes que de scientifiques présents. La majorité des touristes se concentre durant l'été à proximité de la  péninsule Antarctique . Depuis 1991, des mesures de régulation et de protection ont été prises. L' Association internationale des voyagistes antarctiques  (IAATO), qui regroupe 80% des  voyagistes  opérant sur ce continent, a établi un code de conduite, prône un tourisme éducatif et coopère avec les scientifiques en mettant à leur service la logistique et les moyens de transport. Aussi les États se sont inspirés de ses travaux et données pour élaborer un code international très contraignant.",Où se situe l'Antarctique ?,autour du pôle Sud
30,chats_harets,"Le  chat haret , ou  chat errant , est un  chat domestique  (petit  félin  de la  sous-espèce   Felis silvestris catus ), retourné à l' état sauvage  ou  semi-sauvage , par le phénomène du  marronnage . Il a pu vivre en compagnie d' êtres humains  au cours de son existence, avant de fuir ou d'être abandonné, ou bien être né loin d'eux, en étant issu d'une lignée dont le retour à l'état sauvage remonte à plusieurs générations. De sorte que la différence entre le chat haret et le chat domestique proprement dit n'est pas  génétique , mais uniquement  éthologique , c'est-à-dire liée à son mode de vie. Le chat haret ne doit donc pas être confondu avec les autres sous-espèces, naturelles, du  Chat sauvage  ( Felis silvestris ), comme le  Chat sauvage d'Europe  ( Felis silvestris silvestris ) ou le  Chat sauvage d'Afrique  ( Felis silvestris lybica ), ni avec les autres  espèces appelées  chat . Dans certains pays, où le chat n'est pas une espèce d'origine indigène, les populations de chats harets ont proliféré; ils représentent en  Australie  une population évaluée entre 2,1et 6,3millions de chats fin 2016  [ 1 ] , [ 2 ] , qui pose de graves problèmes environnementaux.",A quoi est lié la différence entre le chat haret et le chat domestique ?,éthologique
31,City_University_of_London,"modifier  -  modifier le code  -  modifier Wikidata City, University of London  est une  université britannique  publique située à  Londres  ( Angleterre ), dans le quartier  Clerkenwell , et fondée en  1894 .En  septembre 2016 , City a rejoint  University of London  (UOL) [ 1 ] .",Quand a été fondée la City Université of London ?,en 1894
32,race,"«Racial» redirige ici. Pour l’article homophone, voir  Rassial . Cet article concerne le concept de race en zoologie. Pour les articles homonymes, voir  race (homonymie) . Pour l'application du concept à l'espèce humaine, voir  race humaine . Chez les  animaux domestiques , la  race  est un  rang taxinomique  informel, inférieur à l' espèce . Les races et les  sous-races  sont distinguées à des fins d' élevage  et de  sélection . On parle ainsi de races  bovines ,  canines ,  félines , ou  caprines . Les  taxons  au rang de race n'ont pas de  noms scientifiques  internationaux [ 1 ] , leur circonscription  taxinomique  repose généralement sur des critères subjectifs et pratiques (notamment utilisés pour la désignation commerciale) [ 2 ] . Ces variations sont généralement très faibles pour les races sélectionnées afin de veiller à un certain standard, dont on exige par exemple des prestations particulières pour satisfaire de façon optimale à un but d'utilisation. Par contre, la variabilité peut être très importante entre races géographiques. Il s'agit d'un concept lié à l'aspect commercial davantage que scientifique. Cet article concerne plus particulièrement l'acception du mot «race» pour désigner des groupes d'une même espèce animale. En  nomenclature botanique et mycologique  où le terme de «race» n'est pas un rang taxinomique  codifié , on parle de  variété  ou de  sous-espèce [ 3 ] . Il reste cependant possible d'utiliser le mot de «variété animale» [ 4 ]  domestique pour désigner une population animale sélectionnée constituée d'une fraction des animaux d'une espèce que des traitements particuliers de sélection ont eu pour effet de distinguer des autres animaux de l'espèce par un petit nombre de caractères dont l'énumération définit le modèle. En  microbiologie  et en  virologie , on parle plutôt de  souche  afin de désigner au sein d'une même espèce microbienne, une population divergeant du reste de l'espèce sur un ou quelques traits différentiels (ex.: une souche de  Escherichia coli  pathogène pour l'homme, alors que la majorité des populations de cette espèce ne le sont pas). Pour les espèces naturelles, les termes sous-espèce ou  population  (selon la divergence et le groupe considéré) sont utilisés [réf.nécessaire] . L'utilisation de critères biologiques prétendant définir différentes «races» humaines au sein de l' espèce humaine  soulève des questions  éthiques  et même logique (on ne vend pas aujourd'hui les hommes dans les pays développés et une désignation commerciale y est donc sans objet). Les controverses sur ce sujet ne sont pas développées ici mais dans l'article  Race humaine .",Dans quel but sont distinguées les races et les sous-races ?,à des fins d' élevage et de sélection
33,oiseau,"Aves Vous lisez un « article de qualité » labellisé en 2008. «Aves» redirige ici. Pour les autres significations, voir  Aves (homonymie) . Pour les articles homonymes, voir  Oiseau (homonymie) . Classe Sous-classes  de rang inférieur Les  Oiseaux  ( Aves ) sont une  classe  de  Vertébrés   tétrapodes  caractérisée par la  bipédie , des  ailes , un  plumage  et un  bec  sans dents. Survivants de l' extinction Crétacé-Paléogène , les oiseaux modernes ( Neornithes ) sont les seuls représentants actuels des  dinosaures   théropodes , tandis que tous les autres groupes de Dinosaures sont  éteints . Les  crocodiliens  constituent aujourd’hui les plus proches parents des oiseaux.  L' histoire évolutive des oiseaux  fait de ces animaux de petite taille apparus au  Jurassique moyen  les  descendants directs  des  dinosaures à plumes  pourvus d' ailes , d'où leur position dans le clade des dinosaures. Les analyses  cladistiques  actuelles les lient aux dinosaures  saurischiens , parmi ceux-ci à l'ensemble des  théropodes  (carnivores bipèdes) et, parmi les nombreux sous-clades qui le composent, au groupe des  coelurosauriens   Maniraptora . Au sein des maniraptoriens, tous les oiseaux sont rassemblés dans le clade des  Avialae  qui forme, avec ses deux groupes-frères, les  Troodontidae  et les  Dromaeosauridae , le groupe des  Paraves  (les «presque oiseaux»). La miniaturisation rapide de cette lignée de dinosaures à plumes, en une cinquantaine de millions d’années, est probablement liée à l’évolution accélérée des nouveautés anatomiques (formation d’ailes et d’un plumage complexe, fusion des clavicules en  furcula , développement du sternum en  bréchet  essentiel au  vol battu , redistribution de la masse du corps) qui leur ont permis de coloniser de nouveaux  habitats  dans les arbres, sources de nourriture et abri contre les prédateurs [ 1 ] . S'il existe, en 2020-2021, autour de 10 700 [ 2 ]  à 11150espèces d'oiseaux recensées [ 3 ]  (dont 9700 espèces  sauvages  réunissant entre 50 et 430milliards d'individus [ 4 ] , et dont plus de la moitié sont des  passereaux [ a ] ), très différentes tant par leur  écologie  que par leurs  comportements , chacune d'elles présente un ensemble commun de caractéristiques évidentes permettant de les regrouper, en particulier des écailles cornées et des  plumes , une mâchoire sans dents enveloppée d'un étui corné formant un bec, une queue osseuse courte, des membres antérieurs transformés en ailes (fonctionnelles ou non, cette caractéristique étant particulièrement rare chez les vertébrés [ b ] ) et des membres postérieurs qui servent seuls normalement à la progression sur le sol ou dans l' eau . En outre, ils sont tous  ovipares , c'est-à-dire qu'ils pondent des  œufs  entourés d'une fine  coquille  dure, et ils sont tous  homéothermes  permanents [ c ] . Au début du  XXI e siècle, 12% des espèces d'oiseaux sont reconnues en danger par l' UICN . Au moins 40% des espèces connaissent une  baisse de leur population . Les principales causes de la disparition des oiseaux sont l'effondrement des populations d'insectes, une ressource alimentaire importante, la perte d'habitat et l'usage généralisé des pesticides [ 5 ] . L' anatomie  et la  physiologie  de la majorité des oiseaux tendent à favoriser au maximum leur capacité à  voler : réduction de poids ( colonne vertébrale  caractérisée par le nombre élevé de  vertèbres  fusionnées en une pièce osseuse unique et très solide, le  synsacrum ; absence de vessie, d'ovaire droit fonctionnel, peau dépourvue de glandes tégumentaires à l'exception de la  glande uropygienne , allègement du  squelette  par des os  pneumatiques , réduction de la musculature ventrale et dorsale). Le corps aérodynamique et une forte musculature pectorale sont également des facteurs favorables au vol. Enfin un  métabolisme  très actif favorisé par une nourriture énergétique et un  appareil respiratoire  efficace par la présence de  sacs aériens  leur permettent de produire la puissance élevée et durable nécessitée par le vol. La  spéciation  de l'avifaune terrestre a cependant donné naissance à quelques  oiseaux inaptes au vol  ( Struthioniformes ,  manchots , etc.). Cosmopolites , les oiseaux peuplent tous les milieux, des glaces de l'Antarctique aux forêts équatoriales et aux déserts. Cette répartition a été rendue possible grâce à des adaptations anatomiques, physiologiques et comportementales (en particulier le  phénomène migratoire ) variées. Cette  plasticité phénotypique  se retrouve également au niveau de la gamme de taille qui va du  Colibri d'Elena  faisant 5 cm  à l' Autruche d’Afrique  pouvant atteindre 2,75 m  de hauteur. Les oiseaux et les mammifères regroupent certaines des espèces qui ont les meilleurs résultats dans les tests d' intelligence animale , avec les  perroquets  et les  corvidés  qui ont la faculté d' utiliser des outils . Toutes ces caractéristiques sont étudiées par les  ornithologues .",Quelles sont les caractéristique des oiseaux ?,"la bipédie , des ailes , un plumage et un bec sans dents"
34,glandes_sudoripares,"Cet article est une  ébauche  concernant l’ anatomie .  Vous pouvez partager vos connaissances en l’améliorant ( comment? ) selon les recommandations des  projets correspondants . Les  glandes sudoripares  ou  glandes sudorales  sont des annexes cutanées ( organes microscopiques  spécialisés) qui sécrètent la  sueur  et, pour certaines d'entre elles, des  hormones  ou  phéromones . Histologiquement, il s'agit de  glandes exocrines  ( épithéliums  cubiques bistratifiés) dont la fonction première est la  transpiration . On distingue chez les mammifères trois types de glandes sudoripares: les glandes eccrines, les glandes apocrines et les glandes sébacées. Ces deux dernières constituent les deux principaux types.",Quelle est la fonction première des glandes sudoripares ?,la transpiration
35,carnivore,"Pour les articles homonymes, voir  Carnivore (régime alimentaire)  et  Carnivore domestique . Ordre Sous-ordres  de rang inférieur Les  Carnivores  ( Carnivora ) sont un  ordre  de  mammifères   placentaires  du  super-ordre  des  Laurasiathériens . Ils se distinguent par une  mâchoire  et une  denture  qui leur permet de chasser et de manger d'autres animaux. Une des  synapomorphies  qui caractérisent les Carnivores est la présence d'une  carnassière . Les  canines  sont transformées en crocs. Leur cerveau est de type  gyrencéphale . Cet ordre est composé majoritairement d'animaux rapides au  régime alimentaire   carnivore  (chair crue), bien qu'il existe certains membres qui n'ont pas ce régime, tels le  panda géant  qui est  herbivore  et des  omnivores  opportunistes comme le  Renard roux  ou le  Binturong  qui est principalement  frugivore . D'autre part, les  mammifères  carnassiers ne sont pas tous forcément membres de cet ordre. On peut ainsi citer, par exemple, le  dasyure , le  thylacine , ou le  diable de Tasmanie , qui sont tous trois des  marsupiaux , ou bien certains  cétacés  tels que l' orque  ou le  grand cachalot .",Quelle est la forme des canines des carnivores ?,en crocs
36,robe,"Pour les articles homonymes, voir  Robe . Cet article est une  ébauche  concernant la  zoologie .  Vous pouvez partager vos connaissances en l’améliorant ( comment? ) selon les recommandations des  projets correspondants . La  robe  d'un  animal  consiste en la nature et la qualité de sa  peau  ou de sa  pilosité .  La robe d'un animal, ou pelage, est une caractéristique complexe avec des bases scientifiques. La couleur est influencée par des pigments comme la mélanine et la phéomélanine.   La structure des poils varie, affectant la texture, et la fonction du pelage inclut l'isolation thermique, la camouflage et la protection. Les cycles de mue s'adaptent aux saisons, l'adaptation écologique peut influencer l'épaisseur du pelage, et la variabilité génétique, identifiée par des études, contribue à des différences intra et interspécifiques. Chez les  mammifères  de compétition, l'état de la robe est jugé en plusieurs catégories. Ces catégories peuvent inclure les  poils  longs ( jarre ), portant les marques de la robe et les poils plus courts ( bourre  ou  duvet )  [ 1 ] .La robe indique la qualité de l' élevage . Souvent, la robe est un facteur indispensable pour reconnaître une espèce ou une race.",Par quel pigments est influencé la couleur de la robe ?,la mélanine et la phéomélanine
37,Australie,"Cet article possède des  paronymes , voir  Austrasie  et  Australasie .  L'Australie désigne un État, mais aussi un  territoire géographique , un  continent géologique  et sa  principale étendue de terre . Cet article traite principalement de l’ État d'Australie . Commonwealth d'Australie (en)  Commonwealth of Australia 35°15′S, 149°08′E modifier   L' Australie , en forme longue le  Commonwealth d'Australie  (en  anglais :  Australia  et  Commonwealth of Australia ), est un  pays  d' Océanie , situé entre les océans  Pacifique  et  Indien . Elle comprend la  partie continentale  du  continent australien , l'île de  Tasmanie  ainsi que de  nombreuses petites îles . Elle est entourée par l' Indonésie , le  Timor oriental  et la  Papouasie-Nouvelle-Guinée  au nord, les  îles Salomon , le  Vanuatu  et la  Nouvelle-Calédonie  au nord-est et la  Nouvelle-Zélande  au sud-est. L'État le plus proche de l'Australie est la  Papouasie-Nouvelle-Guinée , toutes deux séparées par le  détroit de Torrès , large en son point le plus étroit de seulement 40 km . Avec une superficie de 7741200 km 2 , l'Australie est le plus grand pays d'Océanie et le  sixième plus grand pays du monde . Son territoire continental est plat et sec, avec des  sols  peu fertiles. L'Australie est un  pays mégadivers  et sa taille lui confère une grande variété de  paysages  et de  climats , avec des  déserts  au  centre , des  forêts tropicales humides  au nord-est et des  chaînes de montagnes  au sud-est. Le territoire australien a d'abord été habité par des  peuples aborigènes , dont les  premiers peuplements  sont arrivés d' Asie du Sud-Est  il y a environ 50000ans, au cours de la  dernière période glaciaire . L' exploration maritime  du territoire par les Européens commence au début du  XVII e siècle. En 1606, le navigateur  néerlandais   Willem Janszoon  devient le premier Européen à atteindre la partie continentale de l'Australie. En  1770 , l'explorateur  britannique   James Cook  cartographie et revendique la côte est pour la  Grande-Bretagne . Le  26 janvier 1788 , la  Première flotte  de navires britanniques arrive à  Sydney Cove  pour établir la  colonie   pénitentiaire  de  Nouvelle-Galles du Sud . Au cours des décennies suivantes, les Britanniques colonisent des terres qu'ils considèrent comme  terra nullius , mais qui mènent aux  guerres de la frontière  décimant les populations autochtones d'Australie, qui comptaient jusque-là 300000 à un million d'individus. Au moment de la  ruée vers l'or  des années 1850, cinq autres  colonies  ont été établies. Des parlements démocratiques sont progressivement instaurés au cours du  XIX e siècle, culminant avec un  vote  en faveur de la  Fédération  des six colonies le  1 er  janvier 1901 , pour former le Commonwealth d'Australie. Depuis, l'Australie maintient un système politique stable de type  démocratie libérale  ainsi qu'une riche  économie de marché . Politiquement, l'Australie est une  monarchie constitutionnelle   parlementaire   fédérale , constituée de  six États et dix territoires . Le  roi , représenté par le  gouverneur général , agit comme  chef d'État  et le  Premier ministre  agit comme  chef du gouvernement . Sa capitale est  Canberra , tandis que sa ville la plus peuplée et son centre financier est  Sydney . Ses autres  grandes villes  sont  Melbourne ,  Brisbane ,  Perth  et  Adélaïde . Sa  population , estimée à près de 26 millions d'habitants en 2021, est en majorité  blanche , mais elle comporte également plusieurs minorités raciales, depuis la fin de la  politique de l'Australie blanche  en 1973. Elle est fortement  urbanisée  et est majoritairement concentrée sur la côte est. Aujourd'hui, les  immigrés  représentent 30% de la population du pays. L'Australie est un  pays développé  avec une économie à revenu élevé. Ses ressources naturelles abondantes et ses relations commerciales internationales développées sont essentielles pour son  économie , qui génère des revenus à partir des  services , des  exportations minières , de la  banque , de l' industrie manufacturière , de l' agriculture  et de l' éducation  internationale. En 2022, l'Australie est la  douzième économie mondiale  avec le  neuvième revenu par habitant  le plus élevé. L'Australie est une  puissance régionale  et possède la  treizième plus grande dépense militaire  au monde. L'Australie figure en haut des classements internationaux en termes de qualité de vie, de  démocratie , de santé, d'éducation, de  liberté économique , de  libertés publiques , de  sécurité  et de droits politiques. En  2017 , elle est classée au  cinquième rang  de l' indice de développement humain . En 2023, elle est classée en  24 e position pour l' indice mondial de l'innovation [ 6 ] . Plusieurs de ses grandes villes figurent dans les  classements des villes les plus agréables à vivre . L'Australie est membre de plusieurs organisations internationales, dont l' ONU , le  G20 , l' OCDE , l' OMC , l' ANZUS , l' AUKUS , le  FVEY , le  Quad , l' APEC , le  Forum des îles du Pacifique , la  Communauté du Pacifique  et le  Commonwealth .",Quel  pays est le plus grand pays d'Océanie et le  sixième plus grand pays du monde ?,l'Australie
38,espèce,"Cet article concerne le sens biologique du mot «espèce». Pour les autres significations, voir  Espèce (homonymie) . Dans les  sciences du vivant , l’ espèce  (du  latin   species , «type» ou «apparence») est le  taxon  de base de la  systématique . La définition le plus communément admise est celle du concept biologique [ 1 ] , [ 2 ] , [ 3 ] : une espèce est un ensemble d'individus qui peuvent effectivement ou potentiellement se reproduire entre eux et engendrer une descendance viable et féconde, dans des conditions naturelles. Une publication de 1997 recense cependant  22 concepts  d'espèces (espèce biologique, morphologique, écologique, comportementale…) dans la  littérature scientifique [ 4 ] . Ainsi, l'espèce est la plus grande unité de population au sein de laquelle le flux génétique est possible et les individus d'une même espèce sont donc génétiquement isolés d'autres ensembles équivalents du point de vue reproductif. En particulier, le critère d’interfécondité ne peut pas toujours être vérifié: c'est le cas pour les  fossiles , les  organismes   asexués  ou pour des espèces rares ou difficiles à observer. D’autres définitions peuvent donc être utilisées [ 5 ] :",Chez qui le critère l'interfécondité ne peut pas toujours être vérifié ?,"les  fossiles , les  organismes   asexués  ou pour des espèces rares ou difficiles à observer"
39,vieillissement,"Le  vieillissement  est l'ensemble des modifications fonctionnelles diminuant progressivement l'aptitude d'un objet, d'une information ou d'un organisme à assurer ses fonctions dans le temps. Dans le cas d'un  organisme vivant  ( être humain  par exemple), la plupart des cellules et organes ont une durée de vie maximale génétiquement programmée, mais ce processus peut être accéléré par divers stress subis  in utero  ou durant la vie - qui conduisent le plus souvent [ 1 ]  cet organisme à ne plus assurer son équilibre  physiologique , ce qui le mène à la  mort . Chez l' Homme , le vieillissement est un processus complexe, lent et progressif, qui implique divers facteurs biologiques, psychologiques et sociaux. Ces facteurs sont en partie  génétiques  (vieillissement intrinsèque), et pour partie liés à l'histoire de vie de chacun (facteurs externes de vieillissement, acquis ou subis). Le vieillissement de certaines cellules commence dès la naissance, voire  in utero . Chez l'Homme, par convention, on parle de vieillissement à partir d'un certain âge (l’âge «mûr»), avant de différencier le  3 e âge (65 – 89 ans) du  4 e âge ou grand âge (> 90 ans). Sur le plan médical, les définitions chronologiques sont reléguées au second plan au profit de celles tenant compte du niveau de dépendance du sujet âgé. L'étude de la vieillesse et du vieillissement humain est la  gérontologie  (terme formé sur le mot  grec   geron, gerontos , «vieillard»). La  médecine  de la vieillesse est la  gériatrie .",Comment s'appelle l'étude de la vieillesse et du vieillissement humain ?,la  gériatrie
40,griffes,"Pour les articles homonymes, voir  Griffe . Une  griffe  est un élément pointu et courbé trouvé au bout des pattes ou doigts de certains  mammifères , des  oiseaux  et de certains  reptiles . Quelque part, une structure crochue similaire peut être trouvée chez les  arthropodes  tels que les  scarabées  ou les  araignées .  Les pinces des crabes et langoustes sont souvent nommées «griffes». [réf.nécessaire] ",Chez quels espèces les griffes se trouvent au bout des pattes ou doigts ?,"certains  mammifères , des  oiseaux  et de certains  reptiles"
41,castré,"La  castration  est l'annihilation (avec ou sans  ablation ) des organes reproducteurs de végétaux ou d'animaux,  humains  compris. Dans le cas des humains, la castration est considérée comme une  mutilation génitale  et est illégale dans la plupart des pays du monde. On la distingue de l'ablation  chirurgicale  des  testicules  et des  ovaires  — orchidectomie  ou encore  orchiectomie  pour les mâles et  ovariectomie  ou  oophorectomie  pour les femelles— qui peut être nécessaire pour des raisons  thérapeutiques  et de la  castration chimique . La castration concerne dans le règne animal l'ablation des testicules (chez les mâles) et l'ablation des ovaires (chez les femelles), l'ablation de la verge étant appelée  pénectomie  et  clitoridectomie  pour le  clitoris . L'ablation de la  verge  et des  testicules  est une émasculation.",Comment s'intitule l'ablation de la verge et des testicules ?,une émasculation
42,odorat,"L' olfaction  ou l' odorat  est le  sens  qui permet d'analyser les  substances chimiques   volatiles  ( odeurs ) présentes dans l’air. L'olfaction est un sens vital pour de nombreuses espèces [ 1 ] ; il est par exemple utile ou nécessaire pour les activités de recherche alimentaire (chasse, recherche de végétaux appétents, etc. ), l’évitement des  prédateurs , la localisation du lieu de nidification, ponte, reproduction, mise bas, etc. , pour la reconnaissance et le marquage du territoire, pour la communication entre individus par messages olfactifs, pour la recherche de partenaires sexuels, et pour la pollinisation des fleurs, etc.  Ce sens est moins utilisé chez l’ être humain  que chez de nombreux  mammifères  pour lesquels il est prépondérant, néanmoins, l' odeur personnelle  semble encore jouer un ou plusieurs rôles chez l'humain en termes de  communication non verbale [ 2 ] , à plusieurs âges de la vie, avec des nuances notamment selon le sexe (Homme/Femme) [ 3 ] , selon l'âge ou selon les contextes socio-culturels [ 4 ] , [ 5 ] . L' olfactique  est la science du langage des odeurs et de leur rôle dans cette communication non verbale [ 6 ] .",Quel est le deuxième nom pour qualifier l'olfaction ?,l' odorat
43,organe_vestibulaire,"Le  système vestibulaire  est un  organe sensoriel  situé dans l’ oreille interne  qui contribue à la sensation de mouvement et à l’ équilibre  chez la plupart des mammifères.Il est constitué d’un organe sensoriel périphérique composé du labyrinthe postérieur (canaux semi-circulaires, utricule et saccule), du  nerf vestibulocochléaire  et de ses noyaux encéphaliques. Les signaux sensoriels issus du système vestibulaire sont principalement envoyés aux structures neuronales qui commandent certains mouvements oculaires et muscles dans une optique posturale (maintien du corps dans son environnement). Les troubles du système vestibulaire peuvent conduire à des  vertiges  qui peuvent être pris en charge par kinésithérapie spécialisée. On peut comparer l’oreille interne à une  centrale inertielle .",A quoi peut-on comparer l'oreille interne ?,à une  centrale inertielle
44,habitats,"Pour les articles homonymes, voir  Habitat . L' habitat  est un concept utilisé dans le domaine de l' écologie . Un habitat réunit l'ensemble des  êtres vivants  et leurs  interactions  ( biocénose ) et l'ensemble des éléments physiques ou chimiques ( biotope ). Certaines  espèces clés ou facilitatrices  jouent un rôle dans la création et l'entretien de l'habitat ( coraux  pour les  récifs coralliens  par exemple). L'habitat est aussi un ensemble d'éléments de l' écologie du paysage  qui constituent l' environnement biophysique  et offrent les  ressources naturelles  suffisantes pour permettre à une population d'une espèce de vivre et se reproduire normalement sur ce territoire. Certains auteurs estiment qu'un habitat (parce qu'il évolue) n'implique pas une viabilité à long terme pour l'espèce qui y vit, mais au moins une viabilité à court terme [ 1 ] . La notion d'habitat est utilisée pour décrire (et éventuellement cartographier) l'endroit et les caractéristiques du «milieu» dans lequel une  population  d'individus d'une espèce donnée (ou d'un groupe d'espèces  symbiotes  ou vivant en  guilde ) peut normalement vivre et s'épanouir. Il faudrait plutôt parler de  l'habitat d'une population  plutôt que d'une espèce ou d'un «organisme», car s'il est par exemple possible de décrire précisément l'habitat d'un seul  ours dans les Pyrénées , l'espèce  Ursus arctos  devrait être constituée d'une « métapopulation » divisée en nombreux groupes d'individus (sous-populations) vivant dans des habitats plus variés que ceux dans lesquels les derniers individus de cette espèce tentent de survivre; cette espèce était autrefois commune dans toute l'Europe, des littoraux aux basses-montagnes. En ce qui concerne les  biotopes , les Pyrénées ne sont en rien représentatives de l'habitat optimal. Ils ne constituent que leur dernier refuge, celui où ils ont été le moins traqués et chassés. [réf.nécessaire] ",Dans quel domaine est utilisé le concept d'habitat ?,l' écologie
45,nuque,"Cet article est une  ébauche  concernant l’ anatomie  et la  médecine .  Vous pouvez partager vos connaissances en l’améliorant ( comment? ) selon les recommandations des  projets correspondants . La  nuque  est la partie postérieure du  cou , située au-dessous de l' occiput . Elle correspond à la partie dorsale du cou, c'est-à-dire la région du cou située en arrière d'un plan frontal passant par les processus transverses des  vertèbres cervicales . Ces dernières vertèbres y sont recouvertes par les  muscles trapèzes .",Ou se situe la partie dorsale du cou ?,en arrière d'un plan frontal passant par les processus transverses des vertèbres cervicales
46,2006," Cette page concerne l'année  2006  (MMVI en chiffres romains) du  calendrier grégorien .  Pour le nombre 2006, voir  2006 (nombre) . Afrique du Sud ,  Algérie ,  Angola ,  Bénin ,  Botswana ,  Burkina Faso ,  Burundi ,  Cameroun ,  Cap-Vert ,  République centrafricaine ,  Comores ,  République du Congo ,  République démocratique du Congo ,  Côte d'Ivoire ,  Djibouti ,  Égypte ,  Érythrée ,  Éthiopie ,  Gabon ,  Gambie ,  Ghana ,  Guinée ,  Guinée-Bissau ,  Guinée équatoriale ,  Kenya ,  Lesotho ,  Liberia ,  Libye ,  Madagascar ,  Malawi ,  Mali ,  Mauritanie ,  Maurice ,  Maroc ,  Mozambique ,  Namibie ,  Niger ,  Nigeria ,  Ouganda ,  Rwanda ,  Sahara occidental ,  Sao Tomé-et-Principe ,  Sénégal ,  Seychelles ,  Sierra Leone ,  Somalie ,  Soudan ,  Soudan du Sud ,  Swaziland ,  Tanzanie ,  Tchad ,  Togo ,  Tunisie ,  Zambie  et  Zimbabwe  Antigua-et-Barbuda ,  Argentine ,  Bahamas ,  Barbade ,  Belize ,  Bolivie ,  Brésil ,  Canada   ( Alberta ,  Colombie-Britannique ,  Manitoba ,  Nouvelle-Écosse ,  Nouveau-Brunswick ,  Nunavut ,  Ontario ,  Québec ,  Saskatchewan ,  Terre-Neuve-et-Labrador ,  Territoires du Nord-Ouest  et  Yukon ) ,  Chili   () ,  Colombie ,  Costa Rica ,  Cuba ,  République dominicaine ,  Dominique ,  Équateur ,  États-Unis ,  Grenade ,  Guatemala ,  Guyana ,  Haïti ,  Honduras ,  Jamaïque ,  Mexique ,  Nicaragua ,  Panama ,  Paraguay ,  Pérou ,  Saint-Christophe-et-Niévès ,  Saint-Vincent-et-les-Grenadines ,  Sainte-Lucie ,  Salvador ,  Suriname ,  Trinité-et-Tobago ,  Uruguay  et  Venezuela  Abkhazie ,  Afghanistan ,  Arabie saoudite ,  Arménie ,  Azerbaïdjan ,  Bahreïn ,  Bangladesh ,  Bhoutan ,  Birmanie ,  Brunei ,  Cambodge ,  Caucase ,  Chine ,  Chypre ,  Corée du Nord ,  Corée du Sud ,  Émirats arabes unis ,  Géorgie ,  Inde ,  Indonésie ,  Irak ,  Iran ,  Israël ,  Japon ,  Jordanie ,  Kazakhstan ,  Kirghizistan ,  Kurdistan ,  Koweït ,  Laos ,  Liban ,  Malaisie ,  Maldives ,  Mongolie ,  Népal ,  Oman ,  Ossétie du Sud-Alanie ,  Ouzbékistan ,  Pakistan ,  Palestine  () ,  Philippines ,  Proche-Orient ,  Qatar ,  Russie  () ,  Singapour ,  Sri Lanka ,  Syrie ,  Tadjikistan ,  Taïwan ,  Thaïlande ,  Timor oriental ,  Turkménistan ,  Turquie ,  Viêt Nam  et  Yémen  Abkhazie ,  Allemagne ,  Albanie ,  Andorre ,  Arménie ,  Autriche ,  Azerbaïdjan ,  Belgique ,  Biélorussie ,  Bosnie-Herzégovine ,  Bulgarie ,  Caucase ,  Chypre ,  Croatie ,  Danemark  () ,  Espagne ,  Estonie ,  Finlande ,  France   ( Bretagne ,  Lorraine ,  Paris  et  Nouvelle-Calédonie ) ,  Géorgie ,  Grèce ,  Hongrie ,  Irlande ,  Islande ,  Italie ,  Kazakhstan ,  Kosovo ,  Lettonie ,  Liechtenstein ,  Lituanie ,  Luxembourg ,  Macédoine du Nord ,  Malte ,  Moldavie ,  Monaco ,  Monténégro ,  Norvège ,  Ossétie du Sud-Alanie ,  Pays-Bas ,  Pologne ,  Portugal ,  Roumanie ,  Royaume-Uni   () ,  Russie  () ,  Saint-Marin ,  Serbie ,  Slovaquie ,  Slovénie ,  Suède ,  Suisse ,  Tchéquie ,  Turquie ,  Ukraine  et  Vatican  Australie ,  Fidji ,  Indonésie ,  Nauru ,  Nouvelle-Zélande ,  Papouasie-Nouvelle-Guinée ,  Îles Salomon ,  Samoa ,  Samoa américaines ,  Timor oriental ,  Tonga ,  Tuvalu  et  Vanuatu  Manche ,  Mer Baltique ,  Mer des Caraïbes ,  Mer Caspienne ,  Mer Méditerranée ,  Mer du Nord ,  Mer Noire ,  Mer Rouge ,  Océan Arctique ,  Océan Atlantique ,  Océan Austral ,  Océan Indien  et  Océan Pacifique  Animation asiatique ,  Architecture ,  Arts plastiques  ( Dessin ,  Gravure ,  Lithographie ,  Peinture  et  Sculpture ) ,  Bande dessinée ,  Cinéma ,  Danse ,  Disney ,  Échecs ,  Fantasy ,  Internet ,  Jeu ,  Jeu vidéo ,  Littérature  () ,  Musique populaire ,  Musique classique ,  Photographie ,  Radio ,  Science-fiction ,  Télévision  et  Théâtre  Aéronautique  () ,  Architecture ,  Astronautique ,  Chemins de fer  () ,  Informatique ,  Internet  et  Parcs de loisirs  Droit ,  Élections ,  Nations unies  et  Union européenne  Bouddhisme ,  Christianisme  ( Catholicisme , et  Protestantisme ) ,  Hindouisme ,  Islam  et  Judaïsme  Archéologie ,  Astronomie  ( Liste des planètes mineures non numérotées découvertes ) ,  Biologie ,  Chimie ,  Climatologie ,  Économie (discipline) ,  Exploration ,  Géologie ,  Histoire ,  Informatique ,  Linguistique ,  Mathématiques ,  Numismatique ,  Paléontologie ,  Physique ,  Psychologie ,  Santé et médecine  et  Sociologie  Athlétisme ,  Aviron ,  Baseball ,  Boxe anglaise ,  Baseball ,  Badminton ,  Basket-ball ,  Bobsleigh ,  Canoë-kayak ,  Catch ,  Combiné nordique ,  Curling ,  Cyclisme ,  Escrime ,  Football ,  Football américain ,  Golf ,  Gymnastique ,  Handball ,  Hockey sur gazon ,  Hockey sur glace ,  Judo ,  Lutte ,  Natation ,  Patinage artistique ,  Patinage de vitesse ,  Pentathlon moderne ,  Rugby à XIII ,  Rugby à XV ,  Ski ,  Sport automobile ,  Sports équestres ,  Sport hippique ,  Taekwondo ,  Tennis ,  Tennis de table ,  Tir à l'arc ,  Triathlon  et  Volley-ball  modifier   L'année  2006  est une  année commune  qui  commence un dimanche .C'est la 2006 e  année de  notre ère , la  6 e année du  III e millénaire et du  XXI e siècle  et la  7 e année de la  décennie 2000-2009 .",L'année 2006 commence quel jour ?,dimanche
47,ronronnement,"Vous lisez un « article de qualité » labellisé en 2010. Pour un article plus général, voir  Chat .  Le  ronronnement  est une  vocalisation  émise par certains  félins  et  viverridés . Produit à l’expiration comme à l’inspiration, ce son de basse fréquence apparaît dès l’âge de deux jours. Le mécanisme du ronronnement est encore mal expliqué. La théorie dominante est que le son est produit par des contractions des muscles du  larynx  déclenchées par une  oscillation neurale  et faisant vibrer les  cordes vocales . La possibilité pour un félin de ronronner ou non est également un point débattu, notamment pour les grands félins de la  sous-famille  des  Panthérinés . Le ronronnement est essentiellement limité aux relations mère-progéniture dans la nature, mais le  chat domestique  peut ronronner tant dans une situation de  plaisir  que de  souffrance , c’est pourquoi la signification de cette vocalisation de contact est peu évidente. Comparé au  sourire  par certains auteurs, son rôle social, tant avec des congénères qu’avec l’ Homme , est primordial. Une théorie assure au ronronnement un rôle  curatif : les basses fréquences émises permettraient de renforcer les os, les muscles, les tendons et auraient même un rôle anti- douleur . En français, les termes associés au mot  «ronronnement»  sont tirés de l’ onomatopée   «ronron» .",Quel est l'onomatopée du ronronnement ?,ronron
48,argot,"Pour les articles ayant des titres homophones, voir  Argo  et  Hargot . Cet article possède un  paronyme , voir  largo . Un  argot  est une variété linguistique spécifique à un groupe social ou socio-professionnel, qui permet de se différencier des non-initiés et de se créer une identité propre en utilisant des termes cryptiques [ 1 ] , [ 2 ] . Il s'agit d'un  sociolecte  qu'il faut distinguer du  jargon , qui est propre aux représentants d'une profession ou d'une activité commune se caractérisant par un lexique spécialisé [ 3 ] . Il est possible que des termes argotiques perdent leurs fonctions cryptique et identitaire. Dans ces cas-là, il ne sera plus vraiment spécifique à un groupe mais surtout utilisé dans une visée ludique. Le nouvel argot qui s’en crée est dénommé «argot commun». Les locuteurs et locutrices «jouent» à reproduire un  parler  largement  connoté . En général, l’argot commun reprend du vocabulaire argotique «dépassé», abandonné par le groupe social qui en est l’origine dès qu’il a été compris par des tiers. Un exemple d’argot commun est le «français branché» des années 1980.",Qu'est-ce qu'un argot ?,"une variété linguistique spécifique à un groupe social ou socio-professionnel, qui permet de se différencier des non-initiés et de se créer une identité propre en utilisant des termes cryptiques"
49,bon_article,"En résumé:  un  bon article  doit faire honneur à Wikipédia par ses qualités intrinsèques, quel que soit le sujet traité. Pour cela, les points suivants seront respectés autant que possible. Le label « Bon article » regroupe les articles qui ont été reconnus comme tels par un vote de la communauté. La proposition d'un article au label se fait sur la page  Wikipédia:Bons contenus/Propositions . Les articles proposés comme « Articles de qualité » peuvent aussi être reconnus «Bons articles» s'ils n'obtiennent pas le label « Article de qualité ». Nota bene:  ces éléments sont des critères généraux permettant d'établir (ou de contester) la  qualité d'un bon article  susceptible d'être ainsi distingué des autres; il reste néanmoins nécessaire d'exercer un esprit de finesse au cas par cas, pour examiner dans quelle mesure tel critère doit s'appliquer avec rigueur ou avec souplesse. En outre, il est toujours préférable de corriger soi-même des défauts mineurs que d'en faire un argument contre la promotion d'un article.","C'est quoi un label ""Bon article""",les articles qui ont été reconnus comme tels par un vote de la communauté
50,1560,"Cette page concerne l'année  1560   du  calendrier julien . Pour l'année 1560 av. J.-C., voir  1560 av. J.-C.  Architecture ,  Arts plastiques  ( Dessin ,  Gravure ,  Peinture  et  Sculpture ) ,  Littérature  ()  et  Musique classique  () ,  Architecture  et  ()  Droit  (,)  ()  et  Santé et médecine  modifier   L'année  1560  est une  année bissextile  qui  commence un lundi .",L'année 1560 commence par quel jour ?,un lundi